,avg_total_reward,reached_times
0,23.08333333,24
1,26.39473684,19
2,24.76086957,23
3,28.6875,24
4,23.175,20
5,26.13461538,26
6,25.15,20
7,21.18181818,11
8,25.95,20
9,24.07142857,14